﻿<?xml version="1.0" encoding="utf-8" ?>
<c2eventsheet>
    <!--All the 'name' attributes are ignored by Construct 2 - they are there for readability only.-->
    <name>cenario01</name>
    <events>
        <include>itens</include>
        <variable constant="0" name="mostrouTextoInicial" sid="6640921787760053" static="0" type="number">0</variable>
        <include>transition</include>
        <variable constant="0" name="podeAlternar" sid="1880368114473777" static="0" type="number">1</variable>
        <variable constant="0" name="desafio" sid="6506211808322969" static="0" type="number">0</variable>
        <include>dialogo</include>
        <include>inventario</include>
        <include>controlesMovimento</include>
        <comment>mudanca de realidades</comment>
        <event-block sid="2581610807717584">
            <conditions>
                <condition id="-2" name="On start of layout" sid="6611535297208381" type="System" />
            </conditions>
            <actions>
                <action id="-9" name="Set value" sid="2595060229709602" type="System">
                    <param id="0" name="Variable">proximoCenario</param>
                    <param id="1" name="Value">&quot;cenario02&quot;</param>
                </action>
            </actions>
        </event-block>
        <event-block sid="6753835932891698">
            <conditions>
                <condition id="-14" name="Compare variable" sid="6795822665339151" type="System">
                    <param id="0" name="Variable">mostrouTextoInicial</param>
                    <param id="1" name="Comparison">0</param>
                    <param id="2" name="Value">0</param>
                </condition>
            </conditions>
            <actions>
                <action id="-9" name="Set value" sid="6343769681661352" type="System">
                    <param id="0" name="Variable">podeClicar</param>
                    <param id="1" name="Value">0</param>
                </action>
                <action id="-16" name="Wait" sid="5989966482168246" type="System">
                    <param id="0" name="Seconds">2</param>
                </action>
                <action id="-9" name="Set value" sid="5277578619921902" type="System">
                    <param id="0" name="Variable">mostrouTextoInicial</param>
                    <param id="1" name="Value">1</param>
                </action>
                <action id="-9" name="Set value" sid="4659886028947417" type="System">
                    <param id="0" name="Variable">dialogoAberto</param>
                    <param id="1" name="Value">1</param>
                </action>
                <action id="0" name="Set text" sid="4130351944187706" type="textoDialogo">
                    <param id="0" name="Text">&quot;Oh no, my yo-yo! I can&apos;t reach it!&quot;</param>
                </action>
                <action id="-16" name="Wait" sid="7049954563719378" type="System">
                    <param id="0" name="Seconds">5</param>
                </action>
                <action id="-9" name="Set value" sid="9206658355037067" type="System">
                    <param id="0" name="Variable">dialogoAberto</param>
                    <param id="1" name="Value">0</param>
                </action>
                <action id="-9" name="Set value" sid="7251927537577806" type="System">
                    <param id="0" name="Variable">podeClicar</param>
                    <param id="1" name="Value">1</param>
                </action>
            </actions>
        </event-block>
    </events>
</c2eventsheet>
