﻿<?xml version="1.0" encoding="utf-8" ?>
<c2eventsheet>
    <!--All the 'name' attributes are ignored by Construct 2 - they are there for readability only.-->
    <name>cenario02</name>
    <events>
        <include>transition</include>
        <include>dialogo</include>
        <include>inventario</include>
        <include>controlesMovimento</include>
        <comment>mudanca de realidades</comment>
        <include>itens</include>
        <event-block sid="8444450756200094">
            <conditions>
                <condition id="-2" name="On start of layout" sid="6642383879114608" type="System" />
            </conditions>
            <actions>
                <action id="-9" name="Set value" sid="4401583487029672" type="System">
                    <param id="0" name="Variable">proximoCenario</param>
                    <param id="1" name="Value">&quot;cenario01&quot;</param>
                </action>
            </actions>
        </event-block>
    </events>
</c2eventsheet>
