﻿<?xml version="1.0" encoding="utf-8" ?>
<c2eventsheet>
    <!--All the 'name' attributes are ignored by Construct 2 - they are there for readability only.-->
    <name>dialogo</name>
    <events>
        <variable constant="0" name="dialogoAberto" sid="1216075690861688" static="0" type="number">0</variable>
        <event-block sid="9179043683387069">
            <conditions>
                <condition id="-2" name="On start of layout" sid="3100464195765896" type="System" />
            </conditions>
            <actions />
        </event-block>
        <event-block sid="7742929879482059">
            <conditions>
                <condition id="-14" name="Compare variable" sid="7130372880326073" type="System">
                    <param id="0" name="Variable">dialogoAberto</param>
                    <param id="1" name="Comparison">0</param>
                    <param id="2" name="Value">0</param>
                </condition>
            </conditions>
            <actions>
                <action id="-15" name="Set visible" sid="7706708292511717" type="fundoDialogo">
                    <param id="0" name="Visibility">0</param>
                </action>
                <action id="-15" name="Set visible" sid="55494628321848" type="textoDialogo">
                    <param id="0" name="Visibility">0</param>
                </action>
            </actions>
        </event-block>
        <event-block sid="3511066872920243">
            <conditions>
                <condition id="-22" name="Else" sid="8018491072368443" type="System" />
            </conditions>
            <actions>
                <action id="-15" name="Set visible" sid="356405119552639" type="fundoDialogo">
                    <param id="0" name="Visibility">1</param>
                </action>
                <action id="-15" name="Set visible" sid="779998115880318" type="textoDialogo">
                    <param id="0" name="Visibility">1</param>
                </action>
            </actions>
        </event-block>
    </events>
</c2eventsheet>
