﻿<?xml version="1.0" encoding="utf-8" ?>
<c2eventsheet>
    <!--All the 'name' attributes are ignored by Construct 2 - they are there for readability only.-->
    <name>inventario</name>
    <events>
        <event-block sid="5801746894629571">
            <conditions>
                <condition id="0" name="On collision with another object" sid="7524605118211652" type="Personagens">
                    <param id="0" name="Object">item</param>
                </condition>
                <condition id="-8" name="Is boolean instance variable set" sid="2138764627394966" type="item">
                    <param id="0" name="Instance variable">selecionado</param>
                </condition>
                <condition id="-7" name="Compare instance variable" sid="3287052565806597" type="item">
                    <param id="0" name="Instance variable">desafio</param>
                    <param id="1" name="Comparison">0</param>
                    <param id="2" name="Value">desafio</param>
                </condition>
                <condition id="-7" name="Compare instance variable" sid="5538278056260199" type="item">
                    <param id="0" name="Instance variable">nome</param>
                    <param id="1" name="Comparison">1</param>
                    <param id="2" name="Value">&quot;carro&quot;</param>
                </condition>
            </conditions>
            <actions>
                <action id="5" name="Push" sid="9000154353443074" type="listaInventario">
                    <param id="0" name="Where">0</param>
                    <param id="1" name="Value">item.nome</param>
                    <param id="2" name="Axis">0</param>
                </action>
                <action id="-3" name="Create object" sid="3392595284584785" type="System">
                    <param id="0" name="Object to create">itemInventario</param>
                    <param id="1" name="Layer">&quot;personagem&quot;</param>
                    <param id="2" name="X">987-64</param>
                    <param id="3" name="Y">48+48*personagem.contadorItens</param>
                </action>
                <action id="-11" name="Add to" sid="3349466154020331" type="personagem">
                    <param id="0" name="Instance variable">contadorItens</param>
                    <param id="1" name="Value">1</param>
                </action>
                <action id="4" name="Set animation" sid="6029425814562515" type="itemInventario">
                    <param id="0" name="Animation">realidade&amp;&quot;_&quot;&amp;item.nome</param>
                    <param id="1" name="From">1</param>
                </action>
                <action id="-10" name="Set value" sid="6688500996704426" type="itemInventario">
                    <param id="0" name="Instance variable">nome</param>
                    <param id="1" name="Value">item.nome</param>
                </action>
                <action id="-9" name="Destroy" sid="4617226656412702" type="item" />
                <action id="-13" name="Set boolean" sid="5545750957357777" type="item">
                    <param id="0" name="Instance variable">selecionado</param>
                    <param id="1" name="Value">0</param>
                </action>
                <action id="-10" name="Add to" sid="301728945793117" type="System">
                    <param id="0" name="Variable">desafio</param>
                    <param id="1" name="Value">1</param>
                </action>
            </actions>
            <sub-events>
                <event-block sid="3179033623564754">
                    <conditions>
                        <condition id="-7" name="Compare instance variable" sid="8607421749561646" type="item">
                            <param id="0" name="Instance variable">nome</param>
                            <param id="1" name="Comparison">0</param>
                            <param id="2" name="Value">&quot;graveto&quot;</param>
                        </condition>
                    </conditions>
                    <actions>
                        <action id="-9" name="Set value" sid="1682931346549199" type="System">
                            <param id="0" name="Variable">podeClicar</param>
                            <param id="1" name="Value">0</param>
                        </action>
                        <action id="-9" name="Set value" sid="9175434169295054" type="System">
                            <param id="0" name="Variable">dialogoAberto</param>
                            <param id="1" name="Value">1</param>
                        </action>
                        <action id="0" name="Set text" sid="8166419621828017" type="textoDialogo">
                            <param id="0" name="Text">&quot;A stick? Cool!&quot;</param>
                        </action>
                        <action id="-16" name="Wait" sid="1128060901222002" type="System">
                            <param id="0" name="Seconds">5</param>
                        </action>
                        <action id="-9" name="Set value" sid="2868877662862377" type="System">
                            <param id="0" name="Variable">dialogoAberto</param>
                            <param id="1" name="Value">0</param>
                        </action>
                        <action id="-9" name="Set value" sid="8686061527944587" type="System">
                            <param id="0" name="Variable">podeClicar</param>
                            <param id="1" name="Value">1</param>
                        </action>
                    </actions>
                </event-block>
                <event-block sid="4260771380664239">
                    <conditions>
                        <condition id="-7" name="Compare instance variable" sid="4957588999528722" type="item">
                            <param id="0" name="Instance variable">nome</param>
                            <param id="1" name="Comparison">0</param>
                            <param id="2" name="Value">&quot;guardaChuva&quot;</param>
                        </condition>
                    </conditions>
                    <actions>
                        <action id="-9" name="Set value" sid="9323578146354202" type="System">
                            <param id="0" name="Variable">podeClicar</param>
                            <param id="1" name="Value">0</param>
                        </action>
                        <action id="-9" name="Set value" sid="6151200060877471" type="System">
                            <param id="0" name="Variable">dialogoAberto</param>
                            <param id="1" name="Value">1</param>
                        </action>
                        <action id="0" name="Set text" sid="199228679988026" type="textoDialogo">
                            <param id="0" name="Text">&quot;There&apos;s nothing here but my umbrella.&#x0D;&#x0A;What am I supposed to do with it?&quot;</param>
                        </action>
                        <action id="-16" name="Wait" sid="3853215421549645" type="System">
                            <param id="0" name="Seconds">5</param>
                        </action>
                        <action id="-9" name="Set value" sid="276132707983404" type="System">
                            <param id="0" name="Variable">dialogoAberto</param>
                            <param id="1" name="Value">0</param>
                        </action>
                        <action id="-9" name="Set value" sid="5923534172386974" type="System">
                            <param id="0" name="Variable">podeClicar</param>
                            <param id="1" name="Value">1</param>
                        </action>
                    </actions>
                </event-block>
            </sub-events>
        </event-block>
        <event-block sid="8918443646479834">
            <conditions>
                <condition id="1" name="Is overlapping another object" sid="3671446516979093" type="Personagens">
                    <param id="0" name="Object">item</param>
                </condition>
                <condition id="-8" name="Is boolean instance variable set" sid="801832373315758" type="item">
                    <param id="0" name="Instance variable">selecionado</param>
                </condition>
                <condition id="-7" name="Compare instance variable" sid="3513428638628348" type="item">
                    <param id="0" name="Instance variable">desafio</param>
                    <param id="1" name="Comparison">0</param>
                    <param id="2" name="Value">desafio</param>
                </condition>
                <condition id="-7" name="Compare instance variable" sid="1987520907742207" type="item">
                    <param id="0" name="Instance variable">nome</param>
                    <param id="1" name="Comparison">1</param>
                    <param id="2" name="Value">&quot;carro&quot;</param>
                </condition>
            </conditions>
            <actions>
                <action id="5" name="Push" sid="5125435785481205" type="listaInventario">
                    <param id="0" name="Where">0</param>
                    <param id="1" name="Value">item.nome</param>
                    <param id="2" name="Axis">0</param>
                </action>
                <action id="-3" name="Create object" sid="5321539924394762" type="System">
                    <param id="0" name="Object to create">itemInventario</param>
                    <param id="1" name="Layer">&quot;personagem&quot;</param>
                    <param id="2" name="X">987-64</param>
                    <param id="3" name="Y">48+48*personagem.contadorItens</param>
                </action>
                <action id="-11" name="Add to" sid="9930931104428906" type="personagem">
                    <param id="0" name="Instance variable">contadorItens</param>
                    <param id="1" name="Value">1</param>
                </action>
                <action id="4" name="Set animation" sid="9782212239504505" type="itemInventario">
                    <param id="0" name="Animation">realidade&amp;&quot;_&quot;&amp;item.nome</param>
                    <param id="1" name="From">1</param>
                </action>
                <action id="-10" name="Set value" sid="2809337592189792" type="itemInventario">
                    <param id="0" name="Instance variable">nome</param>
                    <param id="1" name="Value">item.nome</param>
                </action>
                <action id="-9" name="Destroy" sid="2516353502060596" type="item" />
                <action id="-13" name="Set boolean" sid="5680973639133202" type="item">
                    <param id="0" name="Instance variable">selecionado</param>
                    <param id="1" name="Value">0</param>
                </action>
                <action id="-10" name="Add to" sid="1842071284198322" type="System">
                    <param id="0" name="Variable">desafio</param>
                    <param id="1" name="Value">1</param>
                </action>
            </actions>
            <sub-events>
                <event-block sid="2471520898717431">
                    <conditions>
                        <condition id="-7" name="Compare instance variable" sid="2411741086141762" type="item">
                            <param id="0" name="Instance variable">nome</param>
                            <param id="1" name="Comparison">0</param>
                            <param id="2" name="Value">&quot;graveto&quot;</param>
                        </condition>
                    </conditions>
                    <actions>
                        <action id="-9" name="Set value" sid="4981929359769268" type="System">
                            <param id="0" name="Variable">podeClicar</param>
                            <param id="1" name="Value">0</param>
                        </action>
                        <action id="-9" name="Set value" sid="5719684657682598" type="System">
                            <param id="0" name="Variable">dialogoAberto</param>
                            <param id="1" name="Value">1</param>
                        </action>
                        <action id="0" name="Set text" sid="5879871897510215" type="textoDialogo">
                            <param id="0" name="Text">&quot;A stick? Cool!&quot;</param>
                        </action>
                        <action id="-16" name="Wait" sid="2506314263503155" type="System">
                            <param id="0" name="Seconds">5</param>
                        </action>
                        <action id="-9" name="Set value" sid="1354517036575154" type="System">
                            <param id="0" name="Variable">dialogoAberto</param>
                            <param id="1" name="Value">0</param>
                        </action>
                        <action id="-9" name="Set value" sid="817212828429631" type="System">
                            <param id="0" name="Variable">podeClicar</param>
                            <param id="1" name="Value">1</param>
                        </action>
                    </actions>
                </event-block>
            </sub-events>
        </event-block>
        <event-block disabled="1" sid="2556743428025436">
            <conditions>
                <condition id="8" name="On mouse wheel" sid="6144867089887815" type="Mouse">
                    <param id="0" name="Direction">1</param>
                </condition>
            </conditions>
            <actions>
                <action id="-2" name="Set Y" sid="1498079583086284" type="ItensInventario">
                    <param id="0" name="Y">-128</param>
                </action>
            </actions>
        </event-block>
        <event-block disabled="1" sid="9278100335333065">
            <conditions>
                <condition id="8" name="On mouse wheel" sid="4925974088261283" type="Mouse">
                    <param id="0" name="Direction">0</param>
                </condition>
            </conditions>
            <actions>
                <action id="-2" name="Set Y" sid="5013612581994971" type="ItensInventario">
                    <param id="0" name="Y">16</param>
                </action>
            </actions>
        </event-block>
        <event-block sid="1636928787942168">
            <conditions>
                <condition id="-2" name="On start of layout" sid="4759651563642942" type="System" />
            </conditions>
            <actions>
                <action id="4" name="Set animation" sid="8044075176795758" type="item">
                    <param id="0" name="Animation">realidade&amp;&quot;_&quot;&amp;item.nome</param>
                    <param id="1" name="From">1</param>
                </action>
            </actions>
        </event-block>
        <event-block sid="9997020880803088">
            <conditions>
                <condition id="-2" name="On start of layout" sid="3395913471138396" type="System" />
            </conditions>
            <actions>
                <action id="4" name="Set animation" sid="3939595720721059" type="itemInventario">
                    <param id="0" name="Animation">realidade&amp;&quot;_&quot;&amp;itemInventario.nome</param>
                    <param id="1" name="From">1</param>
                </action>
            </actions>
        </event-block>
    </events>
</c2eventsheet>
