﻿<?xml version="1.0" encoding="utf-8" ?>
<c2eventsheet>
    <!--All the 'name' attributes are ignored by Construct 2 - they are there for readability only.-->
    <name>transition</name>
    <events>
        <event-block sid="666858492153323">
            <conditions>
                <condition id="-2" name="On start of layout" sid="9329567229750577" type="System" />
            </conditions>
            <actions>
                <action id="-9" name="Set value" sid="1489421039423016" type="System">
                    <param id="0" name="Variable">transitionState</param>
                    <param id="1" name="Value">&quot;FadeIn&quot;</param>
                </action>
                <action id="-9" name="Set value" sid="7052667943856512" type="System">
                    <param id="0" name="Variable">transitioning</param>
                    <param id="1" name="Value">1</param>
                </action>
            </actions>
        </event-block>
        <event-block sid="130763604895324">
            <conditions>
                <condition id="6" name="On object clicked" sid="967645565851271" type="Mouse">
                    <param id="0" name="Mouse button">0</param>
                    <param id="1" name="Click type">0</param>
                    <param id="2" name="Object clicked">chave</param>
                </condition>
                <condition id="-14" name="Compare variable" sid="5016719352694949" type="System">
                    <param id="0" name="Variable">podeClicar</param>
                    <param id="1" name="Comparison">0</param>
                    <param id="2" name="Value">1</param>
                </condition>
            </conditions>
            <actions>
                <action id="-9" name="Set value" sid="8688076989656943" type="System">
                    <param id="0" name="Variable">dialogoAberto</param>
                    <param id="1" name="Value">0</param>
                </action>
                <action id="-9" name="Set value" sid="9749215911814434" type="System">
                    <param id="0" name="Variable">transitionState</param>
                    <param id="1" name="Value">&quot;FadeOut&quot;</param>
                </action>
                <action id="-9" name="Set value" sid="7119743002635335" type="System">
                    <param id="0" name="Variable">transitioning</param>
                    <param id="1" name="Value">1</param>
                </action>
                <action id="-9" name="Set value" sid="1743061630307259" type="System">
                    <param id="0" name="Variable">podeClicar</param>
                    <param id="1" name="Value">0</param>
                </action>
                <action id="-13" name="Set boolean" sid="3878810870353984" type="PontosDeInteresse">
                    <param id="0" name="Instance variable">selecionado</param>
                    <param id="1" name="Value">0</param>
                </action>
            </actions>
            <sub-events>
                <event-block sid="7548627962982086">
                    <conditions>
                        <condition id="2" name="Is playing" sid="2349947552954892" type="personagem">
                            <param id="0" name="Animation">&quot;crianca_pogo&quot;</param>
                        </condition>
                    </conditions>
                    <actions>
                        <action id="4" name="Set animation" sid="4476391536861595" type="personagem">
                            <param id="0" name="Animation">&quot;crianca_parado&quot;</param>
                            <param id="1" name="From">1</param>
                        </action>
                    </actions>
                </event-block>
            </sub-events>
        </event-block>
        <event-block sid="7165153680584649">
            <conditions>
                <condition id="-14" name="Compare variable" sid="7600726392324089" type="System">
                    <param id="0" name="Variable">transitioning</param>
                    <param id="1" name="Comparison">0</param>
                    <param id="2" name="Value">1</param>
                </condition>
            </conditions>
            <actions>
                <action id="-16" name="Set opacity" sid="3186200386286198" type="Personagens">
                    <param id="0" name="Opacity">0</param>
                </action>
                <action id="-9" name="Set value" sid="8121278801879682" type="System">
                    <param id="0" name="Variable">podeClicar</param>
                    <param id="1" name="Value">0</param>
                </action>
            </actions>
            <sub-events>
                <event-block sid="7435831461990245">
                    <conditions>
                        <condition id="-14" name="Compare variable" sid="8346614824752716" type="System">
                            <param id="0" name="Variable">transitionState</param>
                            <param id="1" name="Comparison">0</param>
                            <param id="2" name="Value">&quot;FadeIn&quot;</param>
                        </condition>
                        <condition id="-14" name="Compare variable" sid="3596872084931229" type="System">
                            <param id="0" name="Variable">luminosity</param>
                            <param id="1" name="Comparison">2</param>
                            <param id="2" name="Value">100</param>
                        </condition>
                    </conditions>
                    <actions>
                        <action id="-10" name="Add to" sid="7444930297427801" type="System">
                            <param id="0" name="Variable">luminosity</param>
                            <param id="1" name="Value">1</param>
                        </action>
                        <action id="-31" name="Set layout effect parameter" sid="3297208300137528" type="System">
                            <param id="0" name="Effect">&quot;Brightness&quot;</param>
                            <param id="1" name="Parameter index">0</param>
                            <param id="2" name="Value">luminosity</param>
                        </action>
                        <action id="-29" name="Set layout effect enabled" sid="8486154920521372" type="System">
                            <param id="0" name="Mode">1</param>
                            <param id="1" name="Effect">&quot;Water&quot;</param>
                        </action>
                    </actions>
                </event-block>
                <event-block sid="7836092372127975">
                    <conditions>
                        <condition id="-14" name="Compare variable" sid="4033278975783796" type="System">
                            <param id="0" name="Variable">transitionState</param>
                            <param id="1" name="Comparison">0</param>
                            <param id="2" name="Value">&quot;FadeIn&quot;</param>
                        </condition>
                        <condition id="-14" name="Compare variable" sid="7551316094866834" type="System">
                            <param id="0" name="Variable">luminosity</param>
                            <param id="1" name="Comparison">5</param>
                            <param id="2" name="Value">100</param>
                        </condition>
                    </conditions>
                    <actions>
                        <action id="-9" name="Set value" sid="6139661233586964" type="System">
                            <param id="0" name="Variable">transitioning</param>
                            <param id="1" name="Value">0</param>
                        </action>
                        <action id="-29" name="Set layout effect enabled" sid="8115014268876925" type="System">
                            <param id="0" name="Mode">0</param>
                            <param id="1" name="Effect">&quot;Water&quot;</param>
                        </action>
                        <action id="-9" name="Set value" sid="7387954319539065" type="System">
                            <param id="0" name="Variable">podeClicar</param>
                            <param id="1" name="Value">1</param>
                        </action>
                        <action id="-16" name="Set opacity" sid="1623275217696551" type="Personagens">
                            <param id="0" name="Opacity">100</param>
                        </action>
                        <action id="-24" name="Move to top" sid="3529138110035858" type="Personagens" />
                    </actions>
                </event-block>
                <event-block sid="2464936381602036">
                    <conditions>
                        <condition id="-14" name="Compare variable" sid="134498504668869" type="System">
                            <param id="0" name="Variable">transitionState</param>
                            <param id="1" name="Comparison">0</param>
                            <param id="2" name="Value">&quot;FadeOut&quot;</param>
                        </condition>
                    </conditions>
                    <actions>
                        <action id="-11" name="Subtract from" sid="4277073948399939" type="System">
                            <param id="0" name="Variable">luminosity</param>
                            <param id="1" name="Value">1</param>
                        </action>
                        <action id="-31" name="Set layout effect parameter" sid="6552327524731849" type="System">
                            <param id="0" name="Effect">&quot;Brightness&quot;</param>
                            <param id="1" name="Parameter index">0</param>
                            <param id="2" name="Value">luminosity</param>
                        </action>
                        <action id="-29" name="Set layout effect enabled" sid="130858546253533" type="System">
                            <param id="0" name="Mode">1</param>
                            <param id="1" name="Effect">&quot;Water&quot;</param>
                        </action>
                    </actions>
                    <sub-events>
                        <event-block sid="4342391899208007">
                            <conditions>
                                <condition id="-14" name="Compare variable" sid="526382675630296" type="System">
                                    <param id="0" name="Variable">luminosity</param>
                                    <param id="1" name="Comparison">0</param>
                                    <param id="2" name="Value">0</param>
                                </condition>
                            </conditions>
                            <actions />
                            <sub-events>
                                <event-block sid="3763540412393144">
                                    <conditions>
                                        <condition id="-14" name="Compare variable" sid="7976155153378781" type="System">
                                            <param id="0" name="Variable">realidade</param>
                                            <param id="1" name="Comparison">0</param>
                                            <param id="2" name="Value">&quot;crianca&quot;</param>
                                        </condition>
                                    </conditions>
                                    <actions>
                                        <action id="-9" name="Set value" sid="9236510701322604" type="System">
                                            <param id="0" name="Variable">realidade</param>
                                            <param id="1" name="Value">&quot;adulto&quot;</param>
                                        </action>
                                    </actions>
                                </event-block>
                                <event-block sid="7036210471013845">
                                    <conditions>
                                        <condition id="-22" name="Else" sid="589169641629361" type="System" />
                                    </conditions>
                                    <actions>
                                        <action id="-9" name="Set value" sid="9566399369803286" type="System">
                                            <param id="0" name="Variable">realidade</param>
                                            <param id="1" name="Value">&quot;crianca&quot;</param>
                                        </action>
                                    </actions>
                                </event-block>
                                <event-block sid="4020641280522562">
                                    <conditions />
                                    <actions>
                                        <action id="-9" name="Set value" sid="4942206727670921" type="System">
                                            <param id="0" name="Variable">transitioning</param>
                                            <param id="1" name="Value">0</param>
                                        </action>
                                        <action id="-25" name="Go to layout (by name)" sid="8332110940374165" type="System">
                                            <param id="0" name="Layout">proximoCenario</param>
                                        </action>
                                    </actions>
                                </event-block>
                            </sub-events>
                        </event-block>
                    </sub-events>
                </event-block>
            </sub-events>
        </event-block>
    </events>
</c2eventsheet>
